,0,1,2,3,4,5,6,7,8,9,10,11,12,13,14,15
0,数据分析顾问,https://www.liepin.com/job/1959747767.shtml,【北京-东城区】,12-20k,"['3-5年', '本科', '数据分析']",太和睿信,"['专业技术服务', '100-499人']",['五险一金'],北京-东城区雪莲·亮点东四文创园3楼,,,,启信宝,"岗位职责：
1. 对企业人力资本数据进行审核、整理，基于报告制式规则与销售及客户进行必要沟通后，进行调研报告整理;
2. 收集汇总客户信息，对数据进行采集，清洗并及时整理和归档，形成知识沉淀;
3. 负责数据分析、挖掘类事宜，根据项目实际需求完成数据获取、整理、分析等工作;
4. 对调研公司基本情况进行查询、记录、整理和汇总，形成行业内企业信息汇总手册;
5. 跟随咨询团队参与人力资源相关项目，负责相关数据分析工作以及行业资料查找，为其提供支持；

任职要求：
1. 本科及以上学历，专业不限，管理类优先;
2. 具有优秀的数据分析能力，能够快速理解业务，能够提出自己的独立见解和看法;
3. 思维逻辑清晰，良好的自我学习及驱动力，高度责任心，有良好的团队协作以及创造力;
4. 具备良好的语言及书面表达能力，熟练使用excel、word、ppt等软件",行业要求：全部行业,['数据分析']
1,数据分析经理,https://www.liepin.com/job/1960346389.shtml,【北京-朝阳区】,25-35k·15薪,"['5-10年', '统招本科', '数据分析', 'SQL', '数据监控', '商业分析', '经营分析']",链家地产,"['房地产租赁/中介', '10000人以上']","['五险一金', '带薪年假', '公司规模大', '管理规范', '发展空间大', '扁平管理', '餐费补贴', '年终奖金', '团队聚餐', '午餐补助']",北京-朝阳区链家地产总部,,,,启信宝,"工作职责：
1、负责业务数据调研、需求理解及分析，数据采集方案设计及实现；
2.、负责建立数据模型，根据业务设计数据主题；
3.、理解业务方的数据需求，提供面向业务的OLAP、报表、数据提取等数据服务；
4.、制定数据治理规范，建立数据分析工作的流程、规范和方法；

任职资格：
1、大学本科及以上学历，计算机、软件开发等相关专业，985/211院校优先；
2、较强的学习能力，能快速掌握公司软件产品的各种功能，能结合产品特点设计简洁高效的解决方案；
3、较强的理解及沟通能力，能快速理解用户需求，语言表达能力和沟通能力强，善于倾听，有较好的服务意识；
4、具有较强的资料整理能力，能及时整理客户需求和产品问题，文档规范；
5、熟练使用SQL和Python等工具；对数据仓库有一定了解，有数据分析软件产品使用经验者优先；
其他信息",语言要求：普通话||所属部门：产品运营中心,"['数据分析', 'SQL', '数据监控', '商业分析', '经营分析']"
2,高级市场策划主任-数字分析,https://www.liepin.com/job/1955132111.shtml,【北京】,10-15k·14薪,"['3-5年', '统招本科', '商业地产', '数据分析', '数据挖掘', 'Power BI', '数据收集', 'SQL', 'Hive', 'Tableau', '数据清洗', '数据建模']",北京颐堤港物业服务有限公司,"['房地产租赁/中介', '100-499人']","['年底双薪', '带薪年假', '通讯津贴', '定期体检', '管理规范', '岗位晋升', '五险一金', '发展空间大', '免费健身房']",北京酒仙桥颐堤港一座,,,,启信宝,"Major Responsibilities and Objectives:
• Responsible for collecting, verifying, and organizing data both internally and externally, and preparing insightful reports required by the business department.
• Proficient in using data analysis tools to assist the business team in building data analysis models, developing suitable digital marketing solutions, and enhancing member and performance growth.
• Responsible for planning and managing digital marketing projects, maintaining the existing digital platforms, and driving the development and deployment of digital systems.
• Manage service providers to ensure the smooth operation of the intelligent marketing system and evaluate their work quality.
• Coordinate cross-department collaboration to drive the implementation of digital marketing solutions.

Experience, Skills and Qualifications Requirements:
• Minimum of 3 years of work experience, with at least 2 years of experience in data analysis or using data analysis products. International work experience is preferred, and experience in data analysis for internet companies or providing data analysis services for consulting firms' clients is a plus.
• Basic knowledge of statistics, familiarity with database languages such as SQL Server and Hive, and proficiency in using Power BI/Tableau is preferred.
• Familiarity with the big data service market and skilled at identifying industry and market trends.
• Highly data-oriented, with excellent data analysis, goal-setting, and problem-solving skills. Clear and logical thinking, with the ability to quickly research and learn new technologies.
• Excellent report writing, presentation, and public speaking skills.
• Enthusiastic, proactive, innovative, and detail-oriented in work.
• Strong organizational, collaboration, communication, and negotiation skills.
• Ability to work efficiently under pressure and adapt to irregular working hours.
• Excellent oral and written communication skills in both Chinese and English.

主要工作职责及目标：
•对项目内、外部数据收集、核对和整理，梳理成业务部门所需的洞察报告。
•熟练使用数据分析工具，协助业务团队构建数据分析模型，制定适合的数字化营销解决方案，提升会员及业绩增长。
•负责规划和管理数字相关项目，维护现有的数字平台，推进数字系统的开发和部署。
•管理服务供应商，保障智能营销系统的顺利运行，并对其工作质量进行评估。
•协调多部门协作，推进数字化营销解决方案的落地。

工作经验，技能及资格的要求：
•3年工作经验，具备2年及以上数据分析或数据分析产品使用经验，有国际企业工作经验者为佳，有互联网公司业务或用户数据分析或数据咨询公司客户数据分析服务经验者优先。
•具备基本的统计学知识，了解SQL Server，Hive 等数据库语言，了解并会使用Power BI/Tableau最佳；
•了解大数据服务市场，善于发掘行业及市场的发展动向
•对数据敏感，具有优秀的数据分析、目标或问题拆解能力，条理逻辑清晰，具有新技术的快速研究和学习的能力；
•优秀的报告书写及方案演示及讲演能力；
•对工作热情积极、有创新力、注重细节；
•具备良好的组织、协作和沟通、谈判的能力；
•能够在压力下高效完成工作，适应不定时工作时间；
•优秀的中英文口语及书面表达能力。",语言要求：英语、普通话||所属部门：市场部,"['商业地产', '数据分析', '数据挖掘', 'Power BI', '数据收集', 'SQL', 'Hive', 'Tableau', '数据清洗', '数据建模']"
3,Voice Interaction Data Analysis Engineer 语音交互数据分析工程师,https://www.liepin.com/job/1961850715.shtml,【北京-朝阳区】,薪资面议,"['经验不限', '学历不限', 'Dashboard']",梅赛德斯-奔驰,"['整车制造', '10000人以上']",,北京-朝阳区望京,,,,启信宝,"General Description：

·         As China is the growing market for passenger cars, Mercedes-Benz MBUX Voice interaction (SDS) team is looking for an experienced expert who shares the same passion and enthusiasm for driving our China voice interaction system development creating outstanding user experiences in our cars. Our mission is to provide the best customer fitting user journey experience by taking the speech interaction as the main and most natural interaction modality in order to spoil our customers with convenience, luxury and surprises.

·         The MBUX Voice Interaction team is looking for a skilled data technology expert to join our team. The ideal candidate has an eye for building hybrid based data analysis system and foundation. Responsible for building, operating and optimizing data analysis platform and work closely with our systems architects and data engineers to deliver data system products and ensure consistency of data delivery and utilization across multiple projects.

·         As Data Expert, you use your knowledge to create real impact on possibly millions of voice interaction on Mercedes vehicle. Let them more and more enjoy the life with MBUX voice assistant.

·         You will be an important member for our Data Driven Development strategy, responsible for advocating for the adoption of data mesh architecture and promoting the use of our data platform.

·         You will deal with the following tasks:

Job Description：

·         Perform data cleansing, aggregation, analysis and visualization from large and varied data sources to build a data driven understanding of MBUX voice assistant

·         Analyze data to figure out trends, and output reports with clear recommendations.

·         Support the team for field issue analysis with data analyzing incl. customer behavior analysis.

·         Create/Update visualization dashboard/data analysis tool

·         Regularly make the data report.

·         Contribute to building and maintaining the data catalogue, documentation and best practices sharing.

·         Exchange with data expert in RD Germany regarding to data methodology

·         Actively participating and sharing knowledge with colleagues.

Task：

·         Design and develop data platforms that adhere to data mesh principles.

·         Working directly with the team to build strong hybrid-based data collection systems. Responsible for infrastructure management, IT security and performance tuning.

·         Operate on Cloud infrastructure to select different Paas, Saas services to orchestrate a flexible dynamic data processing architecture.

·         Develop and maintain Dashboard and reporting tooling.

·         Educate stakeholders on the benefits of data mesh and provide guidance on its implementation.

·         Innovate and develop new data solutions to drive the company's technological advancement

Qualifications：

·         Bachelor / Master’s degree in Computer Science, Software Engineering, Statistics, Data Science, STEM or with a related technical field

·         3+ Experience in development, implementations, design, and analysis of big data

·         Experience in processing large, multi-dimensional datasets from different sources and automating the pipeline

·         Experience in data modeling and data warehousing

·         Experience in architecture and usage of cloud services (Azure, AWS, Alibaba Cloud)

·         Practical experience in Data Science/Data Engineering or Machine Learning

·         Experience in designing and developing data platforms.

·         Strong programming skills in languages such as Python or Java.

·         Experience with SQL (MySQL, PostgreSQL, etc.) and NoSQL (MongoDB, Neo4j, CouchDB, etc.)

·         Familiarity with at least one data visualization tool (Tableau or Power BI preferred).

·         Ability to work independently in an unstructured environment and to manage own projects.

·         Chinese native speaker with fluent English language skills, speak German is preferred.

·         Intercultural competence and communication skills with various hierarchy levels

·         Self-responsible working attitude and initiative

·         You combine creative and analytical skills to develop innovative solutions and find efficient answers to tough challenges

·         You love to keep the customer in mind when diving through data as a constant compass for your quality mindset.

·         As a Data Scientist you communicate technical topics and analysis results clearly and effectively to influence the business and decisions.
",行业要求：全部行业||所属部门：--请选择部门--,['Dashboard']
4,Voice Interaction Data Analysis Engineer 语音交互数据分析工程师,https://www.liepin.com/job/1962232295.shtml,【北京-朝阳区】,薪资面议,"['3-5年', '本科', 'Dashboard']",梅赛德斯-奔驰,"['整车制造', '10000人以上']",,北京-朝阳区利星行广场,,,,启信宝,"General Description：

·         As China is the growing market for passenger cars, Mercedes-Benz MBUX Voice interaction (SDS) team is looking for an experienced expert who shares the same passion and enthusiasm for driving our China voice interaction system development creating outstanding user experiences in our cars. Our mission is to provide the best customer fitting user journey experience by taking the speech interaction as the main and most natural interaction modality in order to spoil our customers with convenience, luxury and surprises.


·         The MBUX Voice Interaction team is looking for a skilled data technology expert to join our team. The ideal candidate has an eye for building hybrid based data analysis system and foundation. Responsible for building, operating and optimizing data analysis platform and work closely with our systems architects and data engineers to deliver data system products and ensure consistency of data delivery and utilization across multiple projects.


·         As Data Expert, you use your knowledge to create real impact on possibly millions of voice interaction on Mercedes vehicle. Let them more and more enjoy the life with MBUX voice assistant.


·         You will be an important member for our Data Driven Development strategy, responsible for advocating for the adoption of data mesh architecture and promoting the use of our data platform.


·         You will deal with the following tasks:


 


Job Description：

·         Perform data cleansing, aggregation, analysis and visualization from large and varied data sources to build a data driven understanding of MBUX voice assistant


·         Analyze data to figure out trends, and output reports with clear recommendations.


·         Support the team for field issue analysis with data analyzing incl. customer behavior analysis.


·         Create/Update visualization dashboard/data analysis tool


·         Regularly make the data report.


·         Contribute to building and maintaining the data catalogue, documentation and best practices sharing.


·         Exchange with data expert in RD Germany regarding to data methodology


·         Actively participating and sharing knowledge with colleagues.


Task：

·         Design and develop data platforms that adhere to data mesh principles.


·         Working directly with the team to build strong hybrid-based data collection systems. Responsible for infrastructure management, IT security and performance tuning.


·         Operate on Cloud infrastructure to select different Paas, Saas services to orchestrate a flexible dynamic data processing architecture.


·         Develop and maintain Dashboard and reporting tooling.


·         Educate stakeholders on the benefits of data mesh and provide guidance on its implementation.


·         Innovate and develop new data solutions to drive the company's technological advancement


Qualifications：

·         Bachelor / Master’s degree in Computer Science, Software Engineering, Statistics, Data Science, STEM or with a related technical field


·         3+ Experience in development, implementations, design, and analysis of big data


·         Experience in processing large, multi-dimensional datasets from different sources and automating the pipeline


·         Experience in data modeling and data warehousing


·         Experience in architecture and usage of cloud services (Azure, AWS, Alibaba Cloud)


·         Practical experience in Data Science/Data Engineering or Machine Learning


·         Experience in designing and developing data platforms.


·         Strong programming skills in languages such as Python or Java.


·         Experience with SQL (MySQL, PostgreSQL, etc.) and NoSQL (MongoDB, Neo4j, CouchDB, etc.)


·         Familiarity with at least one data visualization tool (Tableau or Power BI preferred).


·         Ability to work independently in an unstructured environment and to manage own projects.


·         Chinese native speaker with fluent English language skills, speak German is preferred.


·         Intercultural competence and communication skills with various hierarchy levels


·         Self-responsible working attitude and initiative


·         You combine creative and analytical skills to develop innovative solutions and find efficient answers to tough challenges


·         You love to keep the customer in mind when diving through data as a constant compass for your quality mindset.


·         As a Data Scientist you communicate technical topics and analysis results clearly and effectively to influence the business and decisions.",语言要求：英语||行业要求：全部行业,['Dashboard']
5,Data Analysis/数据分析,https://www.liepin.com/job/1944719891.shtml,【北京】,11-25k·14薪,"['1-3年', '本科', 'sql', 'python', 'Tableau', 'PowerBI']",人人公司,"['互联网', '美股上市', '500-999人']","['绩效奖金', '带薪年假', '定期体检', '弹性工作', '节日礼物', '五险一金', '上市公司']",北京北京市朝阳区将台路5号院15号楼D座4层,,,,启信宝,"Responsibilities
- 结合业务目标，定义数据指标体系，搭建看板、报表等进行持续监测
- 深入理解业务，与产品研发配合，进行数据治理，高效为业务提供数据支持
- 通过数据分析，驱动产品及运营优化
- 能主动发现和识别业务问题，结合业务目标构建分析模型，为产品数据化运营提供解决方案
Requirements
- 统计学、数学、计算机等理工科专业
- 熟练使用Python、R、SQL、Shell、Excel等数据处理分析工具
- 有Tableau、PowerBI等数据可视化经验优先
- 对数据敏感，逻辑思维缜密，总结及表达能力好
- 学习能力好，抗压能力强，能快速学习接受新事物
- 有英语书面沟通能力",,"['sql', 'python', 'Tableau', 'PowerBI']"
6,高级数据分析工程师 Senior Data Analysis Engineer(J18495),https://www.liepin.com/job/1951211751.shtml,【北京-大兴区】,18-25k,"['3-5年', '本科', '数据分析', '大数据领域', 'Matlab']",金风科技,"['新能源', '沪深A股上市', '5000-10000人']","['年终奖金', '五险一金', '发展空间大', '公司规模大', '技能培训', '岗位晋升', '带薪年假', '定期体检']",北京-大兴区北京经济技术开发区博兴一路8号,,,,启信宝,"职责描述：
1. 风场数据（运行数据，行为数据）清洗挖掘分析，BI工具（可视化平台）的使用
2. 风场指标计算的工作
3. 风电场后评估和发电性能诊断分析（包括但不限于发电量、可利用率、功率曲线、故障分析等）
4. 根据分析和评估，协同研发，工程技术部，现场服务等多个部门，制定增功提效方案并评估改进效果，持续优化
5. 协同后台资源为风电场提供问题解决支持，包括但不限于出分析、出报告、出方案等形式
语言要求： 能用英文进行工作沟通交流

1. Wind farms data cleaning, digging and analysis.
2. Calculation of wind field indicators.
3. Wind farm post evaluation and power performance evaluation and diagnosis (including but not limited to electric energy production, availability, power curve, faults analysis, etc).
4. According to the analysis and evaluation, cooperate with R&amp;D, engineering technology department, on-site service and other departments to make power and efficiency improvement plans and evaluate the improvement effects, continue to optimize.
5. Cooperate with backstage resources to provide problem-solving supports for wind farms, including but not limited to the forms of analysing, compiling reports and proposing solutions.
Language Required: Able to communicate at the working level in English

任职要求：
语言要求：能用英文进行工作沟通交流
行业：能源行业（风电，水电，火电，煤电，光伏，热力，天然气，石油，化工等），风电行业者优先，风电场后评估相关的工作经验者优先
工作年限：4年以上相关行业数据分析工作经验
有电力/风电现场工作经验，具备一定风机机组知识，了解能源产品，并对其进行数据监测分析评估，提出优化建议
了解个别编程语言，如Python, 或R 或MATLAB 等； 或对编程语言（主要是Python）有兴趣且愿意学习
具备较强的内部沟通能力和协调能力，能够主动发现问题，解决问题
具备较强的问题推动解决能力
开放、创新、灵活",语言要求：英语、普通话,"['数据分析', '大数据领域', 'Matlab']"
7,宝马（中国）未来技术星 – 研发部门数据分析,https://www.liepin.com/job/1961760547.shtml,【北京-顺义区】,薪资面议,"['经验不限', '本科', '.NET']",宝马(中国)服务有限公司,"['整车制造', '10000人以上']",,北京-顺义区宝马集团北京研发中心,,,,启信宝,"- BMW China has been focusing on the digital service offers to meet the Chinese Customer needs. To meet and fulfill BMW strategy in the area of Customer Centricity and delivery the best service, the digital data analytics team plays a very important role to identify the insights of service usage and customer experience, and to support continous business and service enhancement.
- This position focuses on data pre-processing accros various data sources, identify and establish data logic, as well as doing data analysis accorinding to specific business needs.

Responsibilities：

Support tB19:G23e data analysis business requirement, clarify the real business need, and matching the needs to specific data source/ type.
Explore and interpret new data fields, conduct testing on rack/vehicle, trace script logs, and creating documentations in knowledge hub. Define data logic based on requirements, create new data variables and structured tables.
Drive the entire process of data pre-processing, incl. data cleansing, parsing, transforming and integration.
Monitor data quality by reviewing reports, dashboards, business and performance indicators, and collaborate with stakeholders to solve data quality issues.
Deliver and communicate data analysis results and key findings to business requirement owner, as well as collect and follow derived tasks.
Support project workshop and meetings and project management.

Qualifications：

A master's degree in (and/ or) statistics, computer science, AI, IoT technologies with data analysis focused is required.
Strong data analytics skill, high proficiency in Python, SQL, Tableau, PowerBI.
Technical knowledge regarding data models, data mining and big data algorithms.
Basic understanding of project management experience (time management / planning / monitoring).
Strong sense of data-driven operation and data transformations.
Strong communication skills working within the complex partner network.
Strong skills in information consolidation, condensation and data visualization.
Willing to work in an international environment; able to coach and empower teams to achieve results.
Chinese and English written and spoken language/ communication skills.
A data analysis internship in automotive business/ industry or IoT/ Internet businesses. (e.g. data management, pre-processing, data analysis and reporting.) 1-3 Years
Data analytics experinces with user base more than 0.5 Mio. 1-3 Years
Team play/ collaboration (e.g. sports, orchestra, racing, business, etc.). 1-3 Years
Hobbie or private business (e.g. blog, web, public account) operation. 1-3 Years
A strong plus with passions in automotive business, services and products.
Having a proactive attitude and behavior within the business responsibility.
 Phyton, SQL
",行业要求：全部行业,['.NET']
8,数据分析工程师-业务,https://www.liepin.com/job/1962139373.shtml,【北京-朝阳区】,20-40k,"['经验不限', '硕士', 'SQL']",Mobileye--An Intel Company,"['人工智能', '其他', '2000-5000人']",,北京-朝阳区光华路SOHO-2B座11楼,,,,启信宝,"What will your job look like:

· ADAS/AV HD map automatic validation execution and improvement

· Establish and optimize data analysis models continuously, monitor and reflect periodically, produce regular analysis reports and reviews.

· Provide strong data support for automation tools and framework applications, drive optimization and iterations of automated detection.

· Discover problem patterns, improve automation coverage, and develop new automation features.

· Innovate on data analysis methods for increasing scale and business need and keep improving efficiency.


All you need is:

· 1~7 years working experience on data analysis -data reasoning, understanding, interpretation, extraction, visualization, etc.

· Master’s degree or above, background in mathematics, statistics, computer, finance, big data, etc.

· Equipped with strong data manipulation skills, good data sensitivity and data analysis skills, proficient in Excel, PPT, skilled in Python, SQL or other data analysis tools preferred, able to process the required data tables independently.

· Possess good communication skills, sense of responsibility, efficient execution, and team spirit.

· Fast learner, stress-resistant, and is willing to share and grow with everyone.

· AI/ML algorithm experience is a bonus/plus.

· Data analysis experience in AV/ADAS/HD map is a plus and same for driving experience.

· Strong English skill and technical writing.",语言要求：英语||行业要求：全部行业,['SQL']
9,数据产品经理(偏BI）,https://www.liepin.com/job/1948702889.shtml,【北京】,薪资面议,"['5-10年', '统招本科', '数据产品', 'to B', '数据建模', '数据分析']",天弘基金,"['基金/证券/期货', '500-999人']","['五险一金', '定期体检', '餐费补贴', '通讯津贴', '发展空间大', '管理规范']",北京北京市西城区月坛北街2号月坛大厦A座20层,,,,启信宝,"工作职责：
1、综合各业务用户的分析需求，设计并优化业务分析场景、指标、可视化展示，以及数据模型需求，完成指标体系搭建与数据产品设计开发，推动相应数据产品的研发和落地；
2、与公司内外部沟通，拉通业务目标，将业务需求转化为数据的角度落地；
3、建设数据(业务，埋点等)规范，推动数据质量发展；
4、撰写高质量的产品说明书，协调业务、研发团队高质量完成产品开发，并确保上线后的系统性能稳定；
5、能独立完成数据分析、报表开发和报告编写，具备大数据分析方向的视野，协助团队完成部门任务。
任职要求：
1、计算机、数学或统计学相关专业本科以上学历，有金融行业背景，熟悉投研风控体系者优先；
2、熟悉数据仓库与BI建设方法，精通SQL/HIVE，熟悉业界主流BI产品，如Tableau等；
3、具备较强的数据分析能力、逻辑思维能力和沟通能力，能够有效整合团队资源推动业务发展；
4、工作认真负责，具有较强的问题分析、解决能力和良好的团队协作精神。

",行业要求：全部行业||所属部门：技术研发部,"['数据产品', 'to B', '数据建模', '数据分析']"
10,Manager Data Analyst/数据分析经理,https://www.liepin.com/job/1962354579.shtml,【北京-朝阳区】,15-25k·15薪,"['5-10年', '本科', 'Dashboard']",华晨宝马,"['整车制造', '10000人以上']","['带薪年假', '定期体检', '免费班车', '技能培训', '子女福利', '发展空间大', '公司规模大']",北京-朝阳区佳程广场A座,,,,启信宝,"Major Responsibilities

1. Quantitative customer data analysis, data mining, exploration and modelling to extract high quality customer insights and drive precise customer operation.
2. Design & develop the prototype of data application for internal demonstration, translate model output into business execution actions.
3. Analyze CRM Operation and Campaign performance, generate reports with advanced methodology to improve AB tests, data analytical method etc.
4. Design and implement in-depth analysis for special business scenarios & subjects to identify opportunity, problems and root causes with structured and measurable data analysis.
5. Set up CRM & Customer Operation related business KPI system and performance tracking and analysis.
6. Customer management data visualization: build dashboard, Tableau, business intelligence tools etc.





Qualifications：

1. Master or above in Statistics, Mathematics, Computer Science or another quantitative fields.
2. Excellent on statistical, analytics and data analytical programming.
3. Excellent on querying databases & using statistical computer languages: Python, SQL, etc.
4. Familiar with advanced machine learning algorithms and statistics: regression, simulation, modelling, clustering, decision trees, etc.
5. Strong logical thinking capability, understanding of various analytical methods to drive business results with data-based insights.
6. Familiar with data visualization and dashboard.
7. Adept at using large data sets to find opportunities for optimization and test the effectiveness of different courses of action.
8. Strong problem-solving skills with an emphasis on analytics solution development.
Excellent written and verbal communication skill for coordinating across teams.
9. A drive to learn and master new technologies and techniques.
10. Good auto industry knowledge, market research/customer insights experience preferred.",,['Dashboard']
11,德资车企零件物流数据分析,https://www.liepin.com/a/49964397.shtml,【北京-朝阳区】,11-14k·13薪,"['1-3年', '统招本科']",某大型世界500强汽车公司,"['整车制造', '融资未公开', '2000-5000人']","['年终奖金', '五险一金', '交通补助', '住房补贴', '餐费补贴', '发展空间大', '公司规模大', '带薪年假', '定期体检']",,,,,,"Service description: 
• Be responsible for providing precise and reliable data analysis, by using new BI, data mining or automation tools or methodologies.
• To support parts logistics digitalization platform in planning and implementation, to increase efficiency and data analysis capability.
• To create and analyze various reports, providing insights for business development.
• The mentioned reports contain various reports on daily, weekly, monthly and quarterly basis, and report types and contents may vary according to business development.
工作地址：北京市朝阳区佳程广场（近三元桥地铁站）",语言要求：英语||行业要求：整车制造,[]
12,Data Analysis,https://www.liepin.com/job/1960881685.shtml,【北京】,58-83k,"['经验不限', '硕士']",Michael Page,"['人力资源服务', '5000-10000人']",['子女福利'],北京beijing,,,,启信宝,"Our client is a international financial service institution.


Description

Specific responsibilities include, but are not limited to:

Closely work with business stakeholders, understand business data process, gather and

streamline data requirements and maintain relevant documentation.

Perform data analysis, research and retain data knowledge from the business system, translate

data requirements to technical specifications; collaborate with the project manager and

implementation team to support the design and delivery of solutions that meet business

requirements, including but not limited to data solutions, business intelligence solutions, self[1]service solutions, etc.

Lead data solution testing and assist troubleshooting, guide users with new data products and

services, and facilitate user training and focus group discussions.

Perform root cause analysis on data quality issues and reporting processes to answer specific business questions in support of data solution operations

Locate and define new process improvement opportunities and proactively identify new

opportunities and potential gaps for solution optimization.

Support data culture awareness training and sharing


Job Offer

Work life balance； competitive salary and benefit



",所属部门：Financial Services,[]
13,后端软件工程师 - Data Analysis,https://www.liepin.com/job/1960202607.shtml,【北京】,20-40k·15薪,"['1-3年', '统招本科', 'C++']",AutoX,"['人工智能', 'C轮', '500-999人']","['年终奖金', '五险一金', '餐费补贴', '发展空间大', '扁平管理', '弹性工作', '带薪年假', '团队聚餐', '休闲餐点']",北京北京海淀区启迪科技大厦D座18,,,,启信宝,"AutoX logsim agent simulation 团队的任务是为大规模自动化测试系统制作逼真的模拟。大规模Logsim模拟是AutoX发展重点，我们将继续更多地依赖模拟来测试我们的软件，从而有效的利用AutoX采集的大量的路面数据。我们特别希望将Agent模拟（比如行人，摩托车，甚至其他汽车）纳入我们的模拟过程。通过真实地模拟这些Agent，我们希望使我们的模拟更加可信。我们正在寻找一个对深入解决各种Agent仿真模拟问题，包括仿真结果评估，数据分析以及模拟基础设施，感到舒适的热情工程师。

在这个角色中，你将：
1、为Agent仿真模拟C++ Analyzer编写高质量的代码
2、从大规模数据里面抓取信息
3、解决模糊且有时未定义的问题，比如agent模拟结果是否符合真实

我们最低要求你有 (required)：
1、强大的编程经验：熟练使用C++
2、计算机科学的学士或硕士学位（或同等学历）
3、可以使用Python SQL进行数据分析
4、跨部门沟通合作


如果你具备以下条件，我们更喜欢 (plus)：
1、具有模拟仿真或构建生产级别模型的经验
2、具有machine learning，data science 相关经验
3、在为其他部门构建类似analyzer时，愿意学习自动驾驶 perception，prediction，planner
",,['C++']
14,产品质量体系QA经理,https://www.liepin.com/job/1946866467.shtml,【北京-朝阳区】,15-20k·13薪,"['3-5年', '统招本科']",北京科拉斯科技有限公司,"['金属制品', '1000-2000人']","['五险一金', '年终奖金', '带薪年假', '团队聚餐', '休闲餐点', '子女福利', '节日礼物', '定期体检', '扁平管理', '餐费补贴']",北京-朝阳区森根国际C座,,,,启信宝,"工作职责：

1、 根据公司产品结构搭建和完善QA管理系统；

2、 协同采购部门及销售部门收集产品信息，对产品的关键质量控制点进行组建和体系管理；

3、 配合实验室创建和完善产品质量控制体系和实验方案；

4、 协助和指导采购部门收集产品质量信息和原材料搜索，并进行体系化管理；

5、 通过QA体系协助销售部门从技术角度维护和服务客户；

6、 技术层面的市场宣传、调研。

 任职要求：

1、本科及以上学历，高分子材料、化学、化工类专业；

2、有复合材料相关技术工作背景，如树脂材料、复合材料辅材、胶粘剂等行业的实验室及生产企业的QC、QA背景；

3、较强的学习能力、数据分析能力，较高的逻辑思维水平；

4、优秀的英文读写能力，有法语、西班牙语等其他外语能力者优先。",,[]
15,后端软件工程师 - Data Analysis,https://www.liepin.com/job/1960241475.shtml,【北京-海淀区】,30-60k·15薪,"['经验不限', '本科', 'C++']",AutoX,"['人工智能', 'C轮', '500-999人']","['年终奖金', '五险一金', '发展空间大', '扁平管理', '弹性工作', '带薪年假']",北京-海淀区启迪科技大厦,,,,启信宝,"AutoX logsim agent simulation 团队的任务是为大规模自动化测试系统制作逼真的模拟。大规模Logsim模拟是AutoX发展重点，我们将继续更多地依赖模拟来测试我们的软件，从而有效的利用AutoX采集的大量的路面数据。我们特别希望将Agent模拟（比如行人，摩托车，甚至其他汽车）纳入我们的模拟过程。通过真实地模拟这些Agent，我们希望使我们的模拟更加可信。我们正在寻找一个对深入解决各种Agent仿真模拟问题，包括仿真结果评估，数据分析以及模拟基础设施，感到舒适的热情工程师。



在这个角色中，你将

1、为Agent仿真模拟C++ Analyzer编写高质量的代码

2、从大规模数据里面抓取信息

3、解决模糊且有时未定义的问题，比如agent模拟结果是否符合真实



要求你有 (required)

1、强大的编程经验：熟练使用C++

2、计算机科学的学士或硕士学位（或同等学历）

3、可以使用Python SQL进行数据分析

4、跨部门沟通合作





如果你具备以下条件，我们更喜欢 (plus)

1、具有模拟仿真或构建生产级别模型的经验

2、具有machine learning，data science 相关经验

3、在为其他部门构建类似analyzer时，愿意学习自动驾驶 perception，prediction，planner",,['C++']
16,医药销售数据分析（偏数据分析+运营）,https://www.liepin.com/job/1949147481.shtml,【北京-东城区】,9-18k·13薪,"['1-3年', '统招本科', '销售助理', '销售运营', '医药行业', '医疗器械']",IQVIA 艾昆纬,"['咨询服务', '1000-2000人']","['年终奖金', '绩效奖金', '五险一金', '交通补助', '餐费补贴', '领导好', '公司规模大', '带薪年假', '节日礼物', '定期体检']",北京-东城区新东安办公楼,,,,启信宝,"职责描述：
	Reviews client data requirements with the appropriate internal resource to ensure that basic product deliverables meet the customer's specifications, including timeliness and quality. Follows internal data verification protocols.  Researches, analyzes and responds to client inquiries that are routine in nature.  
	May interface with marketing, market research and/or IT at the user level in existing and prospective client(s). Represents the company to the client and the client to the company in all sales related activities
	Assists the commercial team in promoting IQVIA Commercial solution products and services within assigned accounts or territory to achieve assigned revenue goal
	Assists in preparing and delivering proposals to our client
	Identify contract expansion opportunities within assigned account(s) and elevates for qualification and decision to pursue
	Participate in our service contract renewal efforts on large multi-year contracts

任职要求：
	Bachelor degree or equivalent and a minimum of one (1) year’s experience in life science and pharmaceutical industry
	Experience in data analysis, data operation or marketing study would be a plus 
	Knowledge about big data, or data analytics would be a plus
	Experience in life science and pharmaceutical industry would be a plus
	Strong communication skills
	English is a must",,"['销售助理', '销售运营', '医药行业', '医疗器械']"
17,Data & Analytics Developer 数据分析开发工程师,https://www.liepin.com/job/1946297165.shtml,【北京-朝阳区】,15-30k,"['经验不限', '学历不限']",梅赛德斯-奔驰,"['整车制造', '10000人以上']","['年终奖金', '免费班车', '领导好', '公司规模大', '带薪年假']",北京-朝阳区望京,,,,启信宝,"Objective of job
Data Insights and Advanced Analytics Team is the center of competence for providing internal Data Science Services and the necessary IT structure to implement advanced analytics into business operation. This team closely collaborates with Data Foundation team to continuously strengthen Data Lake that holds the relevant big data resources and use cases.
The Data & Analytics Developer engages business stakeholders to analyze, design and develop business intelligent reports in waterfall project management, and actively explore advanced analytics use cases with agile and product-orientation mindset. He/she should be able to lead discussion with business to demonstrate the insights from data, manage and design data-driven experiments by collecting relevant data from various sources with proven results. He/she uses statistics and machine learning methods to discover hidden patterns and information in the datasets for prediction. These insights help in growing the business and decision making.
Job designation
•Data & Analytics Developer 
-Synthesizes business requirements and develops innovative analytics solutions that meet customer requirements
-Develops and manages project plans, test designs and other documents
-Maps data sources, documents data architecture, data interfaces, and data movement to have an accurate view of the larger data picture
-Responsible for the overall data warehouse and data analytics strategy within the organization
-Analyzes structural requirements and builds data pipeline and models for new software and data analytics applications
-Manipulates and analyzes complex, high-volume, high-dimensional data using data analysis techniques
-Works on data modelling, metric development, data prototyping, and insight generation using statistical techniques
-Uses machine learning algorithms, libraries and tools to build machine learning and statistical models
-Defines ways to capture the relevant data and pre-processes and cleans the data for analysis
-Deep dives into massive data sets to answer key business questions
-Performs analytics and visualization of datasets using data mining techniques
-Evaluation and recommendation of new data management and storage technologies and standards
•Management and leadership 
-Able to manage and lead data projects with great team spirit.
-Implement projects according to project plan, time and budget and utilization of the agile scrum development model.
-Validation of deliverables, estimation, quality and time. 
-Always able to drive result individually and cooperation with others
Qualification 
•Experience 
-Education: Bachelor or master degree in mathematics, computer science, statistics or other related fields 
-Excellent know-how in data insight ideation, explement and development
-At least 3 years working experience in IT industry or IT-related field 
-Experience working cross-functionally with data engineers, data scientists, data architects and other stakeholders to generate business benefits from big data and advanced analytics
-Good knowledge of database or data warehouse principles and tools
-Excellent knowledge of business intelligence and visualization tools
-Technical expertise regarding data models, data mining and segmentation techniques
-Good knowledge of machine learning techniques and algorithm
-Good knowledge in at least one programming languages like Python, R, C++, Java, etc.
-Good knowledge of big data technologies (Hadoop, Hive, Spark, etc.)
-Be proactive and driven to deliver results
-Be able to work in dynamic environment with agile mindset
-Have keen eye for detail and strong sense of programming logic and structure for best practices
-Have strong attention to detail and systematic approach to problem solving
•How to apply
-Resume including GitHub link or a piece of sample code that you have written
",所属部门：DGRC,[]
18,AIGC方向产品经理,https://www.liepin.com/job/1961601053.shtml,【北京】,25-35k·14薪,"['3-5年', '统招本科', '数据产品', 'AI人工智能产品', '策略产品', 'IT互联网', 'to C', '人工智能', 'to G', '用户研究', '产品设计', '产品规划']",同道猎聘集团,"['互联网', '港股上市', '2000-5000人']","['年终奖金', '绩效奖金', '五险一金', '扁平管理', '管理规范', '岗位晋升', '弹性工作', '带薪年假', '团队聚餐', '节日礼物']",北京融新科技中心-C座,,,,启信宝,"1、负责猎聘招聘业务AIGC方向产品的规划、设计、开发和上线，实现产品的商业化价值和用户价值；
2、负责对AIGC方向产品进行市场调研和用户需求分析，深入了解用户需求和行业趋势，为产品的优化和升级提供数据支持；
3、负责制定AIGC方向产品的产品策略和产品规划，包括产品的功能设计、用户体验、数据分析等方面，确保产品的市场竞争力和用户满意度。


任职要求：
1、本科及以上学历，计算机、人工智能、数据分析等相关专业优先；
2、3年以上互联网产品经理工作经验，有人工智能、机器学习、数据挖掘等相关领域的产品经验者优先；
3、熟悉互联网产品开发流程，具备产品设计、数据分析、用户体验等方面的能力；
4、具备较强的创新意识和执行力，能够独立思考和解决问题，推动产品的不断创新和升级。",行业要求：全部行业,"['数据产品', 'AI人工智能产品', '策略产品', 'IT互联网', 'to C', '人工智能', 'to G', '用户研究', '产品设计', '产品规划']"
19,量化风险管理岗,https://www.liepin.com/job/1961530781.shtml,【北京-海淀区】,15-20k,"['3-5年', '硕士']",瑞泰人寿保险有限公司,"['保险', '100-499人']","['五险一金', '带薪年假', '定期体检', '绩效奖金', '补充商业保险']",北京-海淀区腾达大厦33层/35层,,,,启信宝,"岗位职责：
1. 负责公司风险偏好体系的建设与维护，并监测执行情况；
2. 负责完成各类内、外部风险管理报告及指标报送；
3. 负责资金运用、全面预算、业务规划及战略规划等方面的风险评估；
4. 负责维护和优化公司风险管理信息系统；
5. 根据监管政策和公司经营实际，更新和维护公司风险管理制度；
6. 协助完成五级分类、投资管理能力评估；
7. 领导交代的其他工作。

任职要求：
1. 全日制研究生学历，工作三年以上，具有保险公司风险管理、投资、精算等方面工作经验者优先；
2. 熟悉保险公司业务模式、业务流程，了解企业风险管理和内部控制体系，具有较强的数据分析、判断和风险评估能力；
3. 逻辑思维能力强，工作有条理；口头表达能力和文字能力较强；有较强的沟通意愿和能力；
4. 熟练掌握主要的办公软件的使用。

其他信息
职位福利：五险一金、绩效奖金、补充医疗保险、定期体检、工作居住证、带薪年假、周末双休、节日福利",语言要求：英语、普通话,[]
20,数据分析工程师,https://www.liepin.com/job/1955928515.shtml,【北京-大兴区】,薪资面议,"['经验不限', '硕士', 'Hive', 'SQL', 'MySQL', 'Oracle', 'PostgreSQL', 'SQLServer', 'ActionScript', 'SQL Server', 'Dashboard']",梅赛德斯-奔驰,"['整车制造', '10000人以上']","['带薪年假', '免费班车', '发展空间大', '公司规模大', '扁平管理', '弹性工作']",北京-大兴区亦庄,,,,启信宝,"
Your task is to develop data based customer features and vehicle maintenance prediction for Mercedes-Benz NEV carlines. Your diverse tasks and responsibilities include the following:



1. Perform data cleansing, aggregation, analysis and visualization from large and varied data sources to build a data driven understanding of eDrive components and systems, e.g. battery, e-Motor, charging system



2. Support aftersales function for field issue analysis with data analyzing incl. customer behavior analysis.



3. Create/Update visulisation dashboard/data analysis tool to benefit RD engineers.



4. Contribute to building and maintaining the data catalogue, documentation and best practices sharing.



5. Exchange with data workers in RD Germany regarding to data methodology and global issue analysis.



6. Contribute to building out the data science community with Daimler by actively participating and sharing knowledge with colleagues.


Qualification



o Education



Bachelor’s degree or above in Computer Science, Electrical or Automotive Engineering.



o Experience



3+ years of experience in automotive or IT industry. 2+ years of experience as analytics/engineering role or equivalent. Engineering or product management background a plus.



o Specific Knowledge



Basic knowledge of architecture and usage of cloud services (Azure, AWS, Alibaba Cloud)



Practical experience in Data Science/Data Engineering or Machine Learning



Good programming skills in Python or Matlab and fundamentals in software development



Experience with SQL Database usage (Oracle, Hive, Postgres, MySQL or Microsoft SQL Server)



Familiarity with at least one data visualization tool (Grafana and Power BI preferred).



Basic knowledge of automotive EE engineering for NEV (New Energy Vehicle).



Ability to work independently in an unstructured environment and to manage own projects.



Project management skills (i.e. planning and organizational skill) are preferred.



Chinese native speaker with fluent English language skills, speak German is preferred.



Intercultural competence and communication skills with various hierarchy levels



Self-responsible working attitude and initiative



Willingness to travel inside China and foreign countries


",语言要求：英语||所属部门：--请选择部门--,"['Hive', 'SQL', 'MySQL', 'Oracle', 'PostgreSQL', 'SQLServer', 'ActionScript', 'SQL Server', 'Dashboard']"
21,车辆数据分析,https://www.liepin.com/a/48984585.shtml,【北京-朝阳区】,35-45k·14薪,"['5-10年', '统招本科']",某北京大型汽车公司,"['整车制造', '不需要融资', '10000人以上']",,,,,,,"职位描述：
Objective of job 
• As a senior expert in vehicle data analysis, provide strategic view on the big data utilization. Bring up new ideas, methodology and mind-set to the whole R&D organization. 
• As a member of R&D big data analytic team, process and analyze data collected from the vehicle. Lead the implementation of advanced mathematical and technical approach. Deliver insights and business information to various internal BUs. And support the product and project decisions.
• Discuss with both R&D and operation team to discover use cases for big data. Bring value to the company with comprehensive way of presentation to both management and technical team.
• Be creative thinker, bring up data-drive services and functions to our product from PoC (Proof of Concept) to in-car implementation.

Main tasks 
• Perform data cleansing, aggregation, analysis and visualization from large and varied data sources to build a data driven understanding of customer behavior. Report to management with intuitive presentation.
• Participate in strategic planning of big data utilization. Provide professional advices on the direction and organization to the management.
• Bring new idea, methodology and technology to the team.
• Consult with business units across a variety of different functions to identify opportunities for data to make an impact and then drive these projects to realize the impact.
• Contribute to building out the data science community with Daimler by actively participating and sharing knowledge with colleagues.

任职要求：
Qualification 
• 7+ years of experience in automotive. 5+ years of experience as analytics/engineering role or equivalent. Engineering or product management background a plus.
• Good understanding of statistical concepts and technical trend in data analytic area.
• Good understanding about vehicle system and technology, i.e. E/E architecture, in-car software, data collection system etc..
• Ability to communicate and explain complex ideas at all levels (from senior management to other technical workers).
• Ability to consult within the business units and spot opportunities to add value with data driven approaches.
• Ability to work independently in an unstructured environment and to manage own projects.
• Python/SQL essential, experience with PySpark, HIVE, Hadoop.
• Familiarity with at least one data visualization tool (Power BI preferred).
• Fluent in English and Mandarin Chinese (German a plus)
",语言要求：英语||行业要求：整车制造,[]
22,Driving & Charging Data Analyst 驾驶充电性能数据分析工程师,https://www.liepin.com/a/49493171.shtml,【北京】,20-28k·14薪,"['1-3年', '统招本科', 'Hive', 'SQL', 'PostgreSQL', 'Oracle', 'MySQL', 'Dashboard']",某北京大型整车制造公司,"['整车制造', '不需要融资', '10000人以上']",,,,,,,"As a skilled data analyst you will deal with the following tasks: 
Perform data cleansing, aggregation, analysis and visualization from large and varied data sources to build a data driven understanding of eDrive components and systems, e.g. battery, e-Motor, charging system).
Support aftersales function for field issue analysis with data analyzing incl. customer behavior analysis.
Create/Update visualization dashboard/data analysis tool to benefit RD engineers.
Leading project management of innovative data products related to BEVs/PHEVs.
Contribute to building and maintaining the data catalogue, documentation and best practices sharing.
Create and maintain Pipelines in Azure Data Factory and Databases like PostgresSQL / Azure Data Explorer.
Exchange with data workers in RD Germany regarding to data methodology and global issue analysis.
Contribute to building out the data science community with Daimler by actively participating and sharing knowledge with colleagues.
任职要求（Qualification）：
Education 
Bachelor’s degree or above in Computer Science, Electrical or Automotive Engineering.
Experience 
3+ years of experience in automotive or IT industry. 2+ years of experience as analytics/engineering role or equivalent. Engineering or product management background a plus.
specific Knowledge        
Basic knowledge of architecture and usage of cloud services (Azure, AWS, Alibaba Cloud)
  Practical experience in Data Science/Data Engineering or Machine Learning
 Good programming skills in Python or Matlab and fundamentals in software development
 Experience with SQL Database usage (Oracle, Hive, Postgres, MySQL or Microsoft SQL Server)
 Familiarity with at least one data visualization tool (Grafana and Power BI preferred).
 Basic knowledge of automotive EE engineering for NEV (New Energy Vehicle).
 Ability to work independently in an unstructured environment and to manage own projects.
 Project management skills (i.e. planning and organizational skill) are preferred.
 Chinese native speaker with fluent English language skills, speak German is preferred.
  Intercultural competence and communication skills with various hierarchy levels
Self-responsible working attitude and initiative
Willingness to travel inside China and foreign countries ",语言要求：不限||行业要求：整车制造,"['Hive', 'SQL', 'PostgreSQL', 'Oracle', 'MySQL', 'Dashboard']"
23,充电性能数据分析工程师（英语口语好）,https://www.liepin.com/a/49490147.shtml,【北京】,25-35k·14薪,"['5-10年', '统招本科', 'Hive', 'SQL', 'PostgreSQL', 'Oracle', 'MySQL', 'Dashboard']",某北京大型整车制造公司,"['整车制造', '不需要融资', '10000人以上']",,,,,,,"Objective of job (abbreviated) 



Connected vehicles and electric mobility are key technologies driving the future of the automotive industry. China as our most important market is pushing these technologies as enabler for future mobility.

Within this fast growing and developing MB BEVs and PHEVs in China, data analyst demand is continuously developing, while data in driving and charging is one of the most important data analyzing topics to support field issue analysis and feature development in next generations.


As a skilled data analyst you will deal with the following tasks: 



Perform data cleansing, aggregation, analysis and visualization from large and varied data sources to build a data driven understanding of eDrive components and systems, e.g. battery, e-Motor, charging system).

Support aftersales function for field issue analysis with data analyzing incl. customer behavior analysis.

Create/Update visualization dashboard/data analysis tool to benefit RD engineers.

Leading project management of innovative data products related to BEVs/PHEVs.

Contribute to building and maintaining the data catalogue, documentation and best practices sharing.

Create and maintain Pipelines in Azure Data Factory and Databases like PostgresSQL / Azure Data Explorer.

Exchange with data workers in RD Germany regarding to data methodology and global issue analysis.

Contribute to building out the data science community with Daimler by actively participating and sharing knowledge with colleagues.

任职要求：


Qualification 
o Education 
·     Bachelor’s degree or above in Computer Science, Electrical or Automotive Engineering.
o Experience 
·     3+ years of experience in automotive or IT industry. 2+ years of experience as analytics/engineering role or equivalent. Engineering or product management background a plus.
o Specific Knowledge        
·     Basic knowledge of architecture and usage of cloud services (Azure, AWS, Alibaba Cloud)


·     Practical experience in Data Science/Data Engineering or Machine Learning


·     Good programming skills in Python or Matlab and fundamentals in software development


·     Experience with SQL Database usage (Oracle, Hive, Postgres, MySQL or Microsoft SQL Server)


·     Familiarity with at least one data visualization tool (Grafana and Power BI preferred).


·     Basic knowledge of automotive EE engineering for NEV (New Energy Vehicle).


·     Ability to work independently in an unstructured environment and to manage own projects.


·     Project management skills (i.e. planning and organizational skill) are preferred.


·     Chinese native speaker with fluent English language skills, speak German is preferred.


·     Intercultural competence and communication skills with various hierarchy levels


·     Self-responsible working attitude and initiative


·     Willingness to travel inside China and foreign countries 

  ",语言要求：普通话 + 英语||行业要求：整车制造,"['Hive', 'SQL', 'PostgreSQL', 'Oracle', 'MySQL', 'Dashboard']"
24,数据分析,https://www.liepin.com/job/1950870081.shtml,【北京-通州区】,20-30k·13薪,"['5-10年', '本科', '数据分析', '数据建模', '人工智能领域', 'LR']",金风科技,"['新能源', '沪深A股上市', '5000-10000人']","['年终奖金', '节日礼物', '定期体检', '餐费补贴', '领导好', '发展空间大', '公司规模大', '六险一金']",北京-通州区金风科技二期研发楼,,,,启信宝,"职责描述：
1、 负责智慧园区能效，安防，消费，空间，通行等场景的数据仓库分层建设，数据清洗，数据分析；
2、 对接和澄清客户的数据分析需求，制定数据分析方案，负责将内外部数据分析需求，转化为可执行的数据分析方案；
3、 支持产品的数据分析工作，数据分析模型搭建，在完成数据分析工作过程中，选择或自主研发数据分析工具（数据分析模型）；
4、 数据分析报告撰写，
任职要求：
1、 统招全日制本科及以上学历，统计学、应用数学相关专业优先；
2、 掌握一定的业务管理知识，能够熟练进行目标分解、工作流程设计等；掌握数据分析基本原理与一些有效的数据分析方法，并能灵活运用到实践工作中，基本的分析方法例如：：对比分析法、分组分析法、交叉分析法等；高级分析方法例如：相关分析法、回归分析法、聚类分析法等；
3、 熟练掌握数据分析相关的常用工具；例如：Python、HiveSQL、FlinkSQL、Doris等。掌握一定的设计方法，能够运用图表有效表达分析观点；
4、 具备良好的人际沟通能力和责任心，思维敏捷、严谨，能够及时发现问题，能够尽快找出解决方案。
5、 有较强的团队意识，可以和团队其他成员友好相处，可以协助或协同团队成员完成各项任务
6、 对新技术，新知识有较好的学习和接受心态，有较好的学习能力和接受能力。
",所属部门：集团数字化中心/能源互联网产品线,"['数据分析', '数据建模', '人工智能领域', 'LR']"
25,商业数据分析专家-广告 (MJ000976),https://www.liepin.com/job/1960275369.shtml,【北京-朝阳区】,30-50k·14薪,"['5-10年', '本科', '数据分析', '市场调研分析', '数据采集', '广告/传媒/文化', '专业服务', '云计算/大数据']",墨迹天气,"['生活服务O2O', 'C轮', '100-499人']","['带薪年假', '定期体检', '弹性工作', '年度旅游', '扁平管理', '五险一金', '岗位晋升', '团队聚餐', '休闲餐点']",北京-朝阳区融新科技中心C座15层,,,,启信宝,"工作职责
1、收集和分析业务需求：与相关部门和利益相关者合作，收集和整理广告业务的需求和要求，进行数据分析和市场调研，深入了解广告市场的动态和用户行为，为BRD和MRD提供数据支持。
2、编写BRD（Business Requirements Document）：根据收集到的业务需求，编写广告业务的BRD，详细描述广告业务的目标、功能、需求和期望的结果，确保BRD准确反映业务需求，与相关团队进行沟通和验证。
3、编写MRD（Market Requirements Document）：基于市场分析和用户需求，编写广告业务的MRD，描述广告产品在市场中的定位、目标用户和市场需求，确保MRD能够准确反映市场需求和用户期望，与相关团队进行沟通和验证。
4、数据分析和洞察：进行广告市场数据的深度分析，发现关键洞察和趋势，将数据分析结果转化为商业洞察和策略建议，为BRD和MRD提供数据支持，协助相关团队理解数据分析结果，确保BRD和MRD的准确性和可行性。
5、与相关团队合作：与广告业务团队、产品团队、技术团队等部门紧密合作，共同编写和完善BRD和MRD，与业务部门和数据团队密切合作，确保数据分析和市场调研的成果得到充分应用。
任职资格
1、学士学位或以上学历，数学、统计学、计算机科学、经济学或相关专业背景优先。
2、在数据分析领域具备丰富的工作经验，有广告行业或咨询公司数据分析相关经验者优先考虑。
3、深入了解数据分析方法、工具和技术，熟练掌握SQL、Python、R等数据分析工具。
4、具备出色的分析思维和解决问题的能力，能够从大量数据中提取关键洞察，并将其转化为业务决策和行动计划。
5、出色的沟通和表达能力，能够与不同层级和背景的利益相关者进行有效的沟通和合作。
6、对数字广告市场和广告技术的发展趋势保持敏锐的觉察和学习能力。
",,"['数据分析', '市场调研分析', '数据采集', '广告/传媒/文化', '专业服务', '云计算/大数据']"
26,大数据分析经理,https://www.liepin.com/job/1957650443.shtml,【北京-海淀区】,12-29k,"['3-5年', '本科', '数据分析', '数据建模', '数据挖掘', '数据收集']",北京海新域城市更新建设发展有限公司,"['房地产开发经营', '100-499人']","['五险一金', '带薪年假', '年终奖金', '绩效奖金', '定期体检', '餐费补贴', '车辆津贴', '领导好', '发展空间大', '岗位晋升']",北京-海淀区鑫泰大厦,,,,启信宝,"岗位职责：
1. 负责园区数字化平台的数据管理、分析和挖掘，提供数据分析支持，优化园区经济运行和管理效率；
2. 负责对园区各项数据进行统计分析，建立数据分析模型，深入挖掘园区经济运行的规律和趋势，为园区决策提供支持；
3. 研究和探索园区大数据分析技术，优化园区大数据处理流程，提高数据分析效率和质量；
4. 协助园区相关部门开展数据挖掘项目，推动数据分析技术在园区数字化平台中的应用和推广。
任职要求：
1. 本科及以上学历，数据科学、计算机、统计学、数学等相关专业；
2. 3年以上园区大数据分析工作经验，熟悉大数据处理和分析技术，熟悉常用的数据分析工具和算法；
3. 具有丰富的数据统计分析经验，熟练掌握数据建模和数据分析技能；
4. 具备优秀的数据分析能力和创新能力，善于发现数据背后的规律和价值；
5. 具备良好的沟通协调能力和团队合作精神，能够协同其他团队成员开展工作。",,"['数据分析', '数据建模', '数据挖掘', '数据收集']"
27,数据分析,https://www.liepin.com/a/48544211.shtml,【北京】,40-70k·16薪,"['3-5年', '统招本科', '数据分析', 'Python', 'SQL']",某知名公司,"['电子商务', '1-49人']",,,,,,,"职位描述：

我们正在寻找一位数据分析专家，负责为我们的服务业务线构建全面、准确的指标体系，并深入分析业务数据，为公司的运营决策、产品方向和销售策略提供关键的数据洞察和经营建议。如果你有丰富的数据分析经验，并且能够独立对接复杂的业务单元，那么这个职位可能是你的理想选择。

你将负责：

设计和建立能够反映服务业务特征的整体指标体系，及时发现和定位业务问题，确保指标的合理性和准确性；
制定和拆解各业务的绩效目标，高效追踪进度并提出预警，确保绩效目标与策略一致；
深入理解各业务的商业模式，独立对接有复杂度的业务单元，提供深入的数据分析和经营建议；
沉淀分析思路和框架，推动数据产品的落地，与技术开发团队合作，提升业务团队的数据分析能力。

我们期待你具备：

在数据分析领域拥有3年及以上经验，最好在互联网或生活服务平台有从业经验；
出色的数据敏感度，能够从大量数据中提炼核心结果，积累丰富的数据分析经验；
熟练编写商业数据分析报告，能够及时发现和分析其中的变化和问题；
具备独立对接复杂业务的经验，能够从数据中洞察业务问题和机会，对业务发展产生积极影响；
熟练运用SQL（或R、Python等）进行数据分析，能够与数据技术团队高效沟通；
掌握基本数据产品工具，具备数据可视化报表的实现能力。
如果你渴望在一个充满挑战和机遇的环境中发挥你的数据分析技能，与团队合作推动业务的增长和优化，我们欢迎你加入我们的团队！",语言要求：不限||行业要求：电子商务,"['数据分析', 'Python', 'SQL']"
28,车载产品经理（数据分析方向） (MJ000215),https://www.liepin.com/job/1959333095.shtml,【北京-朝阳区】,20-30k·13薪,"['3-5年', '统招本科', '语音产品', '策略产品', '数据产品', '增长产品', '智能硬件', '语音识别', '数据分析', '产品优化', '用户研究', '团队管理']",普强信息,"['计算机软件', 'D轮', '100-499人']","['带薪年假', '弹性工作', '定期体检', '年度旅游', '节日礼物', '免费班车', '休闲餐点', '团队聚餐', '岗位晋升']",北京-朝阳区中海广场北京市朝阳区光华工里8号北京中海广场,,,,启信宝,"岗位职责：
1、负责车载智能语音助手对话系统的数据分析，对系统使用情况，语义理解准确性，语音识别准确性，用户满意度等进行深入研究和评估。
2、根据数据分析结果，与研发、UI设计等团队紧密协作，优化语音助手的性能，提高用户体验和满意度。
3、追踪和监测产品运行状况，利用数据驱动决策，优化产品功能和策略。
4、通过深入理解用户需求和行为，发掘和定义新的产品功能和服务，以驱动产品增长。
5、维护和管理数据分析平台，保证数据的准确性，及时性和完整性。
6、创建和维护数据报告，提供定期的产品性能报告，对数据分析结果进行解读，并向管理层和各相关团队通报。
任职要求：
1、计算机科学，数据科学，统计或相关领域的学士学位，具有相关研究生学位者优先。
2、具有至少3年以上数据分析或相关工作经验，有车载智能语音助手或相似产品经验者优先。
3、熟悉SQL，Python等数据分析工具和语言，了解数据处理和机器学习算法。
4、具有较强的数据驱动决策能力，能够将数据分析结果转化为实际产品策略和决策。
5、具有优秀的项目管理和团队协作技能，能够与不同的团队和人员有效合作。
6、具有良好的沟通能力，可以清晰有效的解释复杂的数据分析结果。
7、能适应快速变化的工作环境，具有优秀的问题解决能力和创新思维。
我们寻找的是对数据分析和产品管理有热情，对解决复杂问题有独特见解的您。如果您希望在一个充满创新和挑战的环境中，与我们一同为车载智能语音助手对话系统的持续改进和优化做出贡献，那么我们非常期待您的加入。",行业要求：全部行业,"['语音产品', '策略产品', '数据产品', '增长产品', '智能硬件', '语音识别', '数据分析', '产品优化', '用户研究', '团队管理']"
29,数据分析产品经理（车载智能语音助手对话系统） (MJ000213),https://www.liepin.com/job/1959241547.shtml,【北京-朝阳区】,18-35k·13薪,"['3-5年', '统招本科', '语音产品', '策略产品', '数据产品', '产品优化', 'SQL', '用户研究', '数据分析']",普强信息,"['计算机软件', 'D轮', '100-499人']","['带薪年假', '弹性工作', '定期体检', '年度旅游', '节日礼物', '免费班车', '休闲餐点', '团队聚餐', '岗位晋升']",北京-朝阳区中海广场北京市朝阳区光华工里8号北京中海广场,,,,启信宝,"岗位职责：
1、负责车载智能语音助手对话系统的数据分析，对系统使用情况，语义理解准确性，语音识别准确性，用户满意度等进行深入研究和评估。
2、根据数据分析结果，与研发、UI设计等团队紧密协作，优化语音助手的性能，提高用户体验和满意度。
3、追踪和监测产品运行状况，利用数据驱动决策，优化产品功能和策略。
4、通过深入理解用户需求和行为，发掘和定义新的产品功能和服务，以驱动产品增长。
5、维护和管理数据分析平台，保证数据的准确性，及时性和完整性。
6、创建和维护数据报告，提供定期的产品性能报告，对数据分析结果进行解读，并向管理层和各相关团队通报。
任职要求：
1、计算机科学，数据科学，统计或相关领域的学士学位，具有相关研究生学位者优先。
2、具有至少3年以上数据分析或相关工作经验，有车载智能语音助手或相似产品经验者优先。
3、熟悉SQL，Python等数据分析工具和语言，了解数据处理和机器学习算法。
4、具有较强的数据驱动决策能力，能够将数据分析结果转化为实际产品策略和决策。
5、具有优秀的项目管理和团队协作技能，能够与不同的团队和人员有效合作。
6、具有良好的沟通能力，可以清晰有效的解释复杂的数据分析结果。
7、能适应快速变化的工作环境，具有优秀的问题解决能力和创新思维。
我们寻找的是对数据分析和产品管理有热情，对解决复杂问题有独特见解的您。如果您希望在一个充满创新和挑战的环境中，与我们一同为车载智能语音助手对话系统的持续改进和优化做出贡献，那么我们非常期待您的加入。",,"['语音产品', '策略产品', '数据产品', '产品优化', 'SQL', '用户研究', '数据分析']"
30,银行行业数据分析架构师,https://www.liepin.com/job/1946601007.shtml,【北京-朝阳区】,25-42k·14薪,"['10年以上', '学历不限', '架构设计', '技术支持', '技术战略', '技术管理']",北京伯凯科技有限公司,['IT服务'],"['年终奖金', '五险一金', '生育补贴', '领导好', '公司规模大', '技能培训', '岗位晋升', '弹性工作', '带薪年假', '定期体检']",北京-朝阳区朝阳区,,,,启信宝,"职责：
1.	负责银行等金融行业客户的数据分析项目的大型项目管理和项目技术架构设计和实施
2.	为客户提供数据治理，　大数据分析、数据仓库及分析项目、银行等金融行业各数据分析场景的技术架构设计和业务分析主题的持续改进
3.	配合销售和售前团队，　完成数据分析、人工智能、数据仓库等项目的售前咨询和方案设计
4.	规划和设计行业解决方案，管理和提升团队的数据分析和银行行业项目分析能力，　完成技术团队建设和能力培养
技能需求
1.	统计学、数学及计算机等相关专业大学硕士（含）以上学历；十年以上的银行行业数据分析工作经验；
2.	熟练掌握数据仓库、大数据分析、人工智能分析的业务架构和技术架构；
3.	掌握数据分析全技术栈的技术框架，　熟练掌握技术架构例如Ali Dataworks，Huawei Gauss 或其他的高性能数据库，　并丰富使用一种或几种分析统计及数据挖掘工具，　熟悉数据治理和数据提升业务价值的分析框架和持续能力建设路径 
4.	优秀的数据建模能力， 数据挖掘， 数据分析，丰富的AI分析及模型优化能力。 熟悉敏捷项目实施管理
5.	熟练掌握银行等金融行业主要业务需求的分析模型简历和持续优化，　掌握银行等金融行业数据源生态。熟悉２～３个以上银行业务分析主题　主要分析主题包括金融行业数据治理咨询、金融风险管理、精准营销及NBA、客户统一视图，　授信及风控，智能投顾、　银行金融市场的金融工具定价和量化分析，　资产负债及资金管理等 
6.	熟悉银行金融行业数据技术发展方向及技术动向，有较全面的技术知识面，能迅速掌握不同行业的技术要领优秀的逻辑分析能力，　客户演示及表达能力，　丰富大型项目管理能力
7.	金融CFA认证、FRM金融风险认证认证优先
8.	优秀的中英文书面及沟通能力
",,"['架构设计', '技术支持', '技术战略', '技术管理']"
31,大数据分析助理研究员,https://www.liepin.com/job/1941361859.shtml,【北京-海淀区】,20-40k,"['经验不限', '博士', 'python', 'scala', 'c++', 'Golang', 'SVD', 'CCF', 'PCA', 'HMM', 'KNN', 'SVM']",山东伏羲智库互联网研究院,"['互联网', '50-99人']","['扁平管理', '管理规范', '领导好', '发展空间大']",北京-海淀区永泰庄北路1号天地邻枫10号楼,,,,启信宝,"中科院计算所招聘，解决北京户口，有意者可通过人才引进。

工作职责：
1、跟踪大数据分析领域的最新技术动态与发展方向，负责大数据分析方向的前沿研究工作；
2、负责大数据分析相关项目的技术攻关，发表高水平论文和申请专利；
3、参与大数据分析平台搭建和开发，参与设计平台架构，完成系统实现；
4、参与大数据领域的横纵向课题/项目的申请和执行。

任职要求：
1、博士学历，计算机、信息安全、密码学、数学、数据科学等相关专业，研究方向为大数据、机器学习的优先
2、熟悉大数据分析计算技术，SVD、PCA、HMM、KNN、SVM、随机森林、XG吧BOOST、逻辑回归、LSTM等机器学习算法。
3、精通Golang、python、Scala、C\C++等一种或多种开发语言，参与过数据分析项目或熟练掌握数据分析机器学习框架（例如，TensorFlow、Pytorch）者优先。
4、在CCF B及以上会议/期刊上发表过大数据分析相关论文，研究方向与大数据分析相关者优先。",所属部门：技术研究院,"['python', 'scala', 'c++', 'Golang', 'SVD', 'CCF', 'PCA', 'HMM', 'KNN', 'SVM']"
32,数据分析经理,https://www.liepin.com/a/48659397.shtml,【北京】,30-50k·16薪,"['3-5年', '统招本科', '商业物业', '购物广场']",某北京大型房地产开发经营公司,"['房地产开发经营', 'D轮及以上', '10000人以上']",,,,,,,"主要工作内容
1. 数据收集和清洗：负责收集商业广场相关的数据，例如租金收入、租赁率、销售数据等，对数据进行清洗和整理，确保数据的准确性和完整性。

2. 数据分析和建模：使用统计学和数据分析技术，对商业广场数据进行分析和建模，揭示潜在的趋势和模式。例如，通过对租赁率、租金水平等数据的分析，确定需要进行租金调整或推广活动的区域或商户。

3. 报告和可视化：将数据分析的结果转化为易于理解的报告和可视化图表，向管理层提供数据洞察和见解。例如，利用可视化工具展示商户销售数据的趋势，帮助管理层了解商业广场的整体表现和各个商户的业绩情况。

4. 预测和优化：根据历史数据和趋势，进行商业广场市场的预测，为广场的经营提供优化建议。例如，利用历史数据和趋势预测未来几个季度的租金收入，为决策提供参考。

5. 数据管理和维护：负责管理商业广场数据的数据库和系统，确保数据的安全和合规性。同时，定期备份数据，并确保数据的更新和维护。

6. 业务支持和决策：与商业广场管理团队紧密合作，根据数据分析的结果，提供决策支持和业务建议。例如，根据数据分析结果，提出调整商业广场租赁策略或推广活动的建议。

7. 跟踪市场趋势：密切关注商业广场市场的变化和趋势，分析市场需求和竞争动态，为商业广场的战略决策提供依据。
任职要求：85后，统招本科学历，计算机、数学、统计学专业，5年以上工作经验，具有外企同行工作经验。
2、专业知识：熟悉描述统计相关的基础内容和统计模型算法，掌握数据分析技术的发展与数据分析工具的更新迭代，保证工作顺利开展。
3、通用技能：熟练使用办公软件，良好的公文写作能力，能独立撰写总结报告。
4、专业技能：能够基于对业务的调研与理解设计数据产品，并完成数据分析报告供领导参考;掌握Python/R/Matlabl/VBA/IC#/JAVA一种或多种开发语言，熟悉SQL、Hadoop、Hive等查询方法","语言要求：普通话 + 英语||行业要求：房地产开发经营,房地产租赁/中介","['商业物业', '购物广场']"
33,数据分析总监,https://www.liepin.com/a/48660515.shtml,【北京】,30-50k,"['3-5年', '本科', '商业地产', '数据分析']",某北京大型房地产开发经营公司,"['房地产开发经营', 'D轮及以上', '10000人以上']",,,,,,,"工作职责：
1. 数据收集和清洗：负责收集商业广场相关的数据，例如租金收入、租赁率、销售数据等，对数据进行清洗和整理，确保数据的准确性和完整性。
2. 数据分析和建模：使用统计学和数据分析技术，对商业广场数据进行分析和建模，揭示潜在的趋势和模式。例如，通过对租赁率、租金水平等数据的分析，确定需要进行租金调整或推广活动的区域或商户。
3. 报告和可视化：将数据分析的结果转化为易于理解的报告和可视化图表，向管理层提供数据洞察和见解。例如，利用可视化工具展示商户销售数据的趋势，帮助管理层了解商业广场的整体表现和各个商户的业绩情况。
4. 预测和优化：根据历史数据和趋势，进行商业广场市场的预测，为广场的经营提供优化建议。例如，利用历史数据和趋势预测未来几个季度的租金收入，为决策提供参考。
5. 数据管理和维护：负责管理商业广场数据的数据库和系统，确保数据的安全和合规性。同时，定期备份数据，并确保数据的更新和维护。
6. 业务支持和决策：与商业广场管理团队紧密合作，根据数据分析的结果，提供决策支持和业务建议。例如，根据数据分析结果，提出调整商业广场租赁策略或推广活动的建议。
7. 跟踪市场趋势：密切关注商业广场市场的变化和趋势，分析市场需求和竞争动态，为商业广场的战略决策提供依据。
岗位要求：
1、85后，统招本科学历，计算机、数学、统计学专业，5年以上工作经验，具有外企同行工作经验。
2、专业知识：熟悉描述统计相关的基础内容和统计模型算法，掌握数据分析技术的发展与数据分析工具的更新迭代，保证工作顺利开展。
3、通用技能：熟练使用办公软件，良好的公文写作能力，能独立撰写总结报告。
4、专业技能：能够基于对业务的调研与理解设计数据产品，并完成数据分析报告供领导参考;掌握Python/R/Matlabl/VBA/IC#/JAVA一种或多种开发语言，熟悉SQL、Hadoop、Hive等查询方法。","语言要求：不限||行业要求：房地产开发经营,房地产租赁/中介","['商业地产', '数据分析']"
34,履约-数据分析专家,https://www.liepin.com/job/1959613255.shtml,【北京】,20-40k,"['3-5年', '本科', '同城配送', '外卖配送']",美团,"['互联网', '港股上市', '10000人以上']",['1'],北京北京市朝阳区,,,,启信宝,"美团配送利用高效、稳定、广阔的配送网络和前沿科技能力为客户提供全方位同城物流综合解决方案，推动产业双向赋能，促进生态伙伴合作共赢，推进科技成果转化落地，助推经济社会繁荣发展。
当前，我们在loT智能设备、外卖柜、换电、无人配送体系等硬件设施与服务上不断推陈岀新，在持续优化骑手、消费者和商家体验的同时，持续建设全链路一体化的配送能力，通过科技赋能零售，组建打通上下游的一体化同城物流网络。
加入我们，一起把世界送到消费者手中！

岗位职责
1.负责美团履约某核心业务数据分析团队，带领团队，帮助业务负责人看清数据，帮助团队拿结果;
2.负责履约业务线的专项数据分析，结合业务策略，开展专题研究，输出分析报告并指导体验改善和运营提升；
3.制定履约各业务线的服务体验标准，衡量配送各端的体验表现，合理设计体验满意度评价体系，定位体验异常，为业务体验改善提供建议；
4.深入参与履约重点运营项目，分析项目运营效果及体验达成情况，寻找业务优化机会点，支撑项目顺利推进。

岗位基本需求
1.2年以上的数据分析团队管理经验；
2.本科及以上学历，5年及以上运营分析工作经验，有互联网电商、O2O等相关行业的运营经验，有电商物流、体验管理和质量管理背景优先；
3.熟练使用相关数据分析软件进行数据分析者优先；掌握常用分析统计方法，能够从数据中发现业务痛点并提出应对策略和解决方案；
4.具备较好的口头和书面沟通能力，较多跨部门合作经历，能够高效完成项目的规划和执行；
5.自我驱动力极强，有较高的耐心和韧性，积极主动且善于团队合作。  

具备以下者优先
1.电商物流、体验管理和质量管理背景优先；
2.熟练使用相关数据分析软件进行数据分析者优先。

岗位亮点
1.快速了解美团履约全品类的数据业务分析，参与履约平台业务的重点决策，收获工作成就感；
2.建立B端、C端、D端的多重分析视角，拥有全局视野和行业化认知，提升业务理解深度和广度；
3.全职数据分析团队，能与多元化背景的分析师一起，互帮互助，共同进步。

",所属部门：运营分析组,"['同城配送', '外卖配送']"
35,数据分析专家,https://www.liepin.com/a/49478339.shtml,【北京】,35-60k·18薪,"['5-10年', '本科', '数据分析', 'BI分析', '商业分析', '数据科学']",某北京知名公司,"['生活服务O2O', '已上市', '10000人以上']",,,,,,,"岗位职责：
1.深入了解互联网业务，建立基于业务场景的数据分析需求，解决各类数据分析问题；
2.基于客户各业务部门的分析监控需求，搭建指标体系；
3.熟悉用户增长的框架和分析方法，针对拉新、留存、转化优化等进行深入的专题分析；
4.充分利用各种GrowingIO产品/服务，与客户合作制定出的数据分析策略；
5.根据客户分析咨询项目，结合用户调研、第三方研究等，提炼面向行业场景的共性分析需求，提炼规模化、产品化解决方案；
6.基于数据分析，与客户销售、服务、产品管理、工程团队以及其他主要相关方开展跨职能协作，助力相关产品/服务取得成功；
7.与团队内其他成员共同设计数据分析平台，建立数据分析的流程，规范和方法。

职位要求：
1.本科以上学历，英文熟练，经济学、统计学、计算机等和数据处理高度相关专业，3年及以上互联网公司数据分析工作经验；
2.具备杰出的定量分析能力，在推动业务/产品运营优化方面拥有丰富的经验；
3.具有优秀的商业敏感度和突出的分析能力，能够灵活利用数据，设计分析方案解决复杂的商业问题；
4.擅长与内部及外部合作团队交流沟通，具有优秀的报告讲解及沟通能力，能够独立的分析和解决问题；
5.有数据建模实践经验（2年以上相关工作经验）者优先，熟悉Hive，熟练使用SQL等数据库查询语言；
6.熟练使用至少一门编程语言者优先；
7.具有较强结构化思维、逻辑思维能力，对数据敏感，具备优秀的信息整合和分析能力，能够形成清晰的业务观点和前瞻判断；
8.熟悉GrowingIO或其他数据分析产品者优先；
9.有数据产品经理相关经验者优先。","语言要求：普通话 + 英语||行业要求：生活服务O2O,其他生活服务","['数据分析', 'BI分析', '商业分析', '数据科学']"
36,数据分析,https://www.liepin.com/job/1958929613.shtml,【北京-东城区】,20-30k,"['经验不限', '本科', '数据分析', 'SQL']",同道猎聘集团,"['互联网', '港股上市', '2000-5000人']",,北京-东城区正义路甲4号B座,,,,启信宝,"岗位职责：
1.深入了解互联网业务，建立基于业务场景的数据分析需求，解决各类数据分析问题；
2.基于客户各业务部门的分析监控需求，搭建指标体系；
3.熟悉用户增长的框架和分析方法，针对拉新、留存、转化优化等进行深入的专题分析；
4.充分利用各种GrowingIO产品/服务，与客户合作制定出的数据分析策略；
5.根据客户分析咨询项目，结合用户调研、第三方研究等，提炼面向行业场景的共性分析需求，提炼规模化、产品化解决方案；
6.基于数据分析，与客户销售、服务、产品管理、工程团队以及其他主要相关方开展跨职能协作，助力相关产品/服务取得成功；
7.与团队内其他成员共同设计数据分析平台，建立数据分析的流程，规范和方法。
职位要求：
1.本科以上学历，经济学、统计学、计算机等和数据处理高度相关专业，3年及以上互联网公司数据分析工作经验；
2.具备杰出的定量分析能力，在推动业务/产品运营优化方面拥有丰富的经验；
3.具有优秀的商业敏感度和突出的分析能力，能够灵活利用数据，设计分析方案解决复杂的商业问题；
4.擅长与内部及外部合作团队交流沟通，具有优秀的报告讲解及沟通能力，能够独立的分析和解决问题；
5.有数据建模实践经验（2年以上相关工作经验）者优先，熟悉Hive，熟练使用SQL等数据库查询语言；
6.熟练使用至少一门编程语言者优先；
7.具有较强结构化思维、逻辑思维能力，对数据敏感，具备优秀的信息整合和分析能力，能够形成清晰的业务观点和前瞻判断；
8.熟悉GrowingIO或其他数据分析产品者优先；
9.有数据产品经理相关经验者优先。",,"['数据分析', 'SQL']"
37,商业数据分析经理,https://www.liepin.com/job/1956756665.shtml,【北京-海淀区】,15-30k,"['3-5年', '统招本科', '数据分析', '数据建模', '市场数据分析', '服务业']",科美诊断技术股份有限公司,"['医疗器械', '科创板上市', '500-999人']","['带薪年假', '定期体检', '节日礼物', '五险一金', '班车']",北京-海淀区北京市科学技术研究院现代制造技术产业园,,,,启信宝,"职责描述：
1、为公司管理层提供销售所需的数据分析报告，对公司销售数据按月、季度、年度进行监控和评估；
2、负责对数据库信息进行深度挖掘和有效利用，充分实现数据的商业价值，通过对业务要求的理解和分析，建立各类数据分析报表，与业务部门紧密对接了解各区域销售状态，进行数据分析并提出决策建议；
3、参与公司数据分析体系的规划和建设，参与数据模型及数据看板的建立，并对模型进行监控和优化；
4、对销售数据进行追踪，对相关异常数据进行预警，从而用数据指导日常业务工作；
5、根据行业信息报告，挖掘公司业务的潜在增长点及提供管理建议；
6、与业务部门协调，针对具体业务流程及问题，参与研究影响客户风险度的潜在因素，进行数据分析并提出改善举措。

任职要求：
1、本科学历，会计、统计学、数学、金融学等相关专业毕业，对数据敏感，能快速理解业务，良好的逻辑分析、文字表达及沟通推进能力、做事主动性。
2、熟练操作Excel，有数据分析、挖掘和展示的工具（如：Power BI/Tableu/Python等）的经验者优先；
3、3年以上医药公司或相关大健康领域的商业数据分析工作经验或事务所工作经验优先；
4、较强的沟通及逻辑思维能力，较强的抗压能力。",,"['数据分析', '数据建模', '市场数据分析', '服务业']"
38,数据分析,https://www.liepin.com/job/1949762549.shtml,【北京-西城区】,30-60k·16薪,"['经验不限', '本科', '数据分析']",阿里巴巴集团,"['互联网', '港股上市', '10000人以上']",,北京-西城区金融街,,,,启信宝,"岗位职责：
1.深入了解互联网业务，建立基于业务场景的数据分析需求，解决各类数据分析问题；
2.基于客户各业务部门的分析监控需求，搭建指标体系；
3.熟悉用户增长的框架和分析方法，针对拉新、留存、转化优化等进行深入的专题分析；
4.充分利用各种GrowingIO产品/服务，与客户合作制定出的数据分析策略；
5.根据客户分析咨询项目，结合用户调研、第三方研究等，提炼面向行业场景的共性分析需求，提炼规模化、产品化解决方案；
6.基于数据分析，与客户销售、服务、产品管理、工程团队以及其他主要相关方开展跨职能协作，助力相关产品/服务取得成功；
7.与团队内其他成员共同设计数据分析平台，建立数据分析的流程，规范和方法。
职位要求：
1.本科以上学历，经济学、统计学、计算机等和数据处理高度相关专业，3年及以上互联网公司数据分析工作经验；
2.具备杰出的定量分析能力，在推动业务/产品运营优化方面拥有丰富的经验；
3.具有优秀的商业敏感度和突出的分析能力，能够灵活利用数据，设计分析方案解决复杂的商业问题；
4.擅长与内部及外部合作团队交流沟通，具有优秀的报告讲解及沟通能力，能够独立的分析和解决问题；
5.有数据建模实践经验（2年以上相关工作经验）者优先，熟悉Hive，熟练使用SQL等数据库查询语言；
6.熟练使用至少一门编程语言者优先；
7.具有较强结构化思维、逻辑思维能力，对数据敏感，具备优秀的信息整合和分析能力，能够形成清晰的业务观点和前瞻判断；
8.熟悉GrowingIO或其他数据分析产品者优先；
9.有数据产品经理相关经验者优先。",,['数据分析']
39,数据分析,https://www.liepin.com/job/1961626823.shtml,【北京】,20-30k,"['3-5年', '本科', '数据分析', '数据建模', 'Hive', 'SQL']",京东,"['互联网', '已上市', '10000人以上']",,北京亦庄,,,,启信宝,"岗位职责：
1.深入了解互联网业务，建立基于业务场景的数据分析需求，解决各类数据分析问题；
2.基于客户各业务部门的分析监控需求，搭建指标体系；
3.熟悉用户增长的框架和分析方法，针对拉新、留存、转化优化等进行深入的专题分析；
4.充分利用各种GrowingIO产品/服务，与客户合作制定出的数据分析策略；
5.根据客户分析咨询项目，结合用户调研、第三方研究等，提炼面向行业场景的共性分析需求，提炼规模化、产品化解决方案；
6.基于数据分析，与客户销售、服务、产品管理、工程团队以及其他主要相关方开展跨职能协作，助力相关产品/服务取得成功；
7.与团队内其他成员共同设计数据分析平台，建立数据分析的流程，规范和方法。
职位要求：
1.本科以上学历，经济学、统计学、计算机等和数据处理高度相关专业，3年及以上互联网公司数据分析工作经验；
2.具备杰出的定量分析能力，在推动业务/产品运营优化方面拥有丰富的经验；
3.具有优秀的商业敏感度和突出的分析能力，能够灵活利用数据，设计分析方案解决复杂的商业问题；
4.擅长与内部及外部合作团队交流沟通，具有优秀的报告讲解及沟通能力，能够独立的分析和解决问题；
5.有数据建模实践经验（2年以上相关工作经验）者优先，熟悉Hive，熟练使用SQL等数据库查询语言；
6.熟练使用至少一门编程语言者优先；
7.具有较强结构化思维、逻辑思维能力，对数据敏感，具备优秀的信息整合和分析能力，能够形成清晰的业务观点和前瞻判断；
8.熟悉GrowingIO或其他数据分析产品者优先；
9.有数据产品经理相关经验者优先。",,"['数据分析', '数据建模', 'Hive', 'SQL']"
